{
    "version ": 1,
    "sessions": [
        {
            "name": "Last Session",
            "windows": [
                {
                    "width": 1366,
                    "height": 768,
                    "screenX": 193,
                    "screenY": 36,
                    "state": 3,
                    "tabs": [
                        {
                            "index": 9,
                            "scrollX": 0,
                            "scrollY": 0,
                            "entries": [
                                {
                                    "url": "https://yandex.ru/",
                                    "title": "Яндекс"
                                },
                                {
                                    "url": "http://b22.sotsbi.ru:8131/",
                                    "title": "SOTSBI-U700"
                                },
                                {
                                    "url": "http://sotsbi.psuti.eu/",
                                    "title": "http://sotsbi.psuti.eu/"
                                },
                                {
                                    "url": "http://sotsbi.psuti.ru/",
                                    "title": "SOTSBI-U700"
                                },
                                {
                                    "url": "http://sotsbi.psuti.ru/",
                                    "title": "SOTSBI-U700"
                                },
                                {
                                    "url": "http://b22.sotsbi.ru:8131/",
                                    "title": "SOTSBI-U700"
                                },
                                {
                                    "url": "http://sotsbi.psuti.ru/",
                                    "title": "SOTSBI-U700"
                                },
                                {
                                    "url": "http://b22.sotsbi.ru:8131/",
                                    "title": "SOTSBI-U700"
                                },
                                {
                                    "url": "http://b22.sotsbi.ru:8131/",
                                    "title": "SOTSBI-U700"
                                },
                                {
                                    "url": "http://b22.sotsbi.ru:8131/",
                                    "title": "SOTSBI-U700"
                                }
                            ]
                        },
                        {
                            "index": 5,
                            "scrollX": 0,
                            "scrollY": 1330,
                            "entries": [
                                {
                                    "url": "about:home",
                                    "title": "Стартовая страница K-Meleon"
                                },
                                {
                                    "url": "https://www.google.com/#spf=1634220287322",
                                    "title": "Google"
                                },
                                {
                                    "url": "https://www.google.com/search?hl=ru&source=hp&biw=&bih=&q=fg&iflsig=ALs-wAMAAAAAYWg4zuSVk7_gC18BSfnefYVBm3ENpGnf&gbv=2&oq=fg&gs_l=heirloom-hp.12...47381.47568.0.87807.2.2.0.0.0.0.0.0..0.0....0...1.1.34.heirloom-hp..2.0.0.toOFxAyNT9I",
                                    "title": "fg - Поиск в Google"
                                },
                                {
                                    "url": "https://ru.wikipedia.org/wiki/Fg",
                                    "title": "fg — Википедия"
                                },
                                {
                                    "url": "https://www.barkhauseninstitut.org/en/about-us/who-we-are",
                                    "title": "Who we are / Barkhausen Institut"
                                },
                                {
                                    "url": "https://www.barkhauseninstitut.org/en/jetlag-video-game",
                                    "title": "JETLAG Video Game / Barkhausen Institut"
                                }
                            ]
                        },
                        {
                            "index": 1,
                            "scrollX": 0,
                            "scrollY": 0,
                            "entries": [
                                {
                                    "url": "https://www.barkhauseninstitut.org/biggame/",
                                    "title": "BI's Latency Game"
                                },
                                {
                                    "url": "http://get.webgl.org/",
                                    "title": "http://get.webgl.org/"
                                }
                            ]
                        }
                    ],
                    "selected": 0
                }
            ],
            "selectedWindow": 0
        },
        {
            "name": "Previous Session",
            "windows": [
                {
                    "width": 1366,
                    "height": 768,
                    "screenX": 193,
                    "screenY": 36,
                    "state": 3,
                    "tabs": [
                        {
                            "index": 9,
                            "scrollX": 0,
                            "scrollY": 0,
                            "entries": [
                                {
                                    "url": "https://yandex.ru/",
                                    "title": "Яндекс"
                                },
                                {
                                    "url": "http://b22.sotsbi.ru:8131/",
                                    "title": "SOTSBI-U700"
                                },
                                {
                                    "url": "http://sotsbi.psuti.eu/",
                                    "title": "http://sotsbi.psuti.eu/"
                                },
                                {
                                    "url": "http://sotsbi.psuti.ru/",
                                    "title": "SOTSBI-U700"
                                },
                                {
                                    "url": "http://sotsbi.psuti.ru/",
                                    "title": "SOTSBI-U700"
                                },
                                {
                                    "url": "http://b22.sotsbi.ru:8131/",
                                    "title": "SOTSBI-U700"
                                },
                                {
                                    "url": "http://sotsbi.psuti.ru/",
                                    "title": "SOTSBI-U700"
                                },
                                {
                                    "url": "http://b22.sotsbi.ru:8131/",
                                    "title": "SOTSBI-U700"
                                },
                                {
                                    "url": "http://b22.sotsbi.ru:8131/",
                                    "title": "SOTSBI-U700"
                                },
                                {
                                    "url": "http://b22.sotsbi.ru:8131/",
                                    "title": "SOTSBI-U700"
                                }
                            ]
                        },
                        {
                            "index": 5,
                            "scrollX": 0,
                            "scrollY": 1330,
                            "entries": [
                                {
                                    "url": "about:home",
                                    "title": "Стартовая страница K-Meleon"
                                },
                                {
                                    "url": "https://www.google.com/#spf=1634220287322",
                                    "title": "Google"
                                },
                                {
                                    "url": "https://www.google.com/search?hl=ru&source=hp&biw=&bih=&q=fg&iflsig=ALs-wAMAAAAAYWg4zuSVk7_gC18BSfnefYVBm3ENpGnf&gbv=2&oq=fg&gs_l=heirloom-hp.12...47381.47568.0.87807.2.2.0.0.0.0.0.0..0.0....0...1.1.34.heirloom-hp..2.0.0.toOFxAyNT9I",
                                    "title": "fg - Поиск в Google"
                                },
                                {
                                    "url": "https://ru.wikipedia.org/wiki/Fg",
                                    "title": "fg — Википедия"
                                },
                                {
                                    "url": "https://www.barkhauseninstitut.org/en/about-us/who-we-are",
                                    "title": "Who we are / Barkhausen Institut"
                                },
                                {
                                    "url": "https://www.barkhauseninstitut.org/en/jetlag-video-game",
                                    "title": "JETLAG Video Game / Barkhausen Institut"
                                }
                            ]
                        },
                        {
                            "index": 1,
                            "scrollX": 0,
                            "scrollY": 0,
                            "entries": [
                                {
                                    "url": "https://www.barkhauseninstitut.org/biggame/",
                                    "title": "BI's Latency Game"
                                },
                                {
                                    "url": "http://get.webgl.org/",
                                    "title": "http://get.webgl.org/"
                                }
                            ]
                        }
                    ],
                    "selected": 0
                }
            ],
            "selectedWindow": 0
        }
    ]
}